action,uuid,author,message,likes
delete,8c14b33f-c86c-41dd-af1d-b58279ae5cee,troubledVenison4,8dbd53aa2edb19a265de40ca9a592cbe00009d4b17c54aa50c02a788e8b0127140d13026e1d3bd535cbaa20010a3b8e9b11300ef82e1ad1226fa0d067c5a4f7fab6efdfb4909904f6ba420127edfd7b5a0ee7242a49,280298
create,8d42ec89-1f90-45ee-84d8-9f58f158b465,leopoldo27,"Ab voluptate veritatis minus labore. Ea velit doloremque vero beatae. Quia esse omnis sunt sit est. Ducimus aut nihil aperiam praesentium possimus molestias voluptas. Qui similique deleniti alias enim sit incidunt. Optio ipsa voluptates ut voluptas et eos eaque. Facilis minus laboriosam iusto commodi nobis nihil reprehenderit. Accusantium in amet nesciunt consectetur laudantium.",339965
delete,b3330ec9-0486-42ca-a9cc-5fc6c21650a4,crummyUnicorn4,1478e9999b198c08967324af358d9fe4c6f6e099ce72e2d8f217f130b8de644d4b8712498eff904efa1876f66342611a540bd6300f1368645615a8428edb8ea855824508e281179c8c1a7e6a550f04ca88880b031657a424360d4d1b5dd3257899716b17559ed42dbeefb9dbe720eeeffa1f8eb9c7671a07e83bd5c639d3777a460cfe6c61e12d5015bb03761ae5a690dcfa61808be6f88f4c877dd8d1fe400192e38fc459903b63d8e5d300ac8f781c4a8a305c181f0ce9e9945de50a10bd133f601cbaac3b3ee076d39b0215ba63bb8cb7da7301b99982022de34986127c31adb48438bd87c174595c9dde61b2dde58183cc48b673f0db4e87172ca240b49a03cb1f949306625f305e4647b961f48acb4608b78aa941e7ece026ce3b379a23fa03d6bfc8882be86c1b0f5e3d198bbf93f7e7296dde2964cc8d2556673a9a59054477eece656f6c1c1e95193737152c1e0a1341be2cf58e06f0ce8501fa96e9549c41b3a1f211e4fee09abead9f879ccf5dc7e2d56dfe3a499475bd4d85ae6d08e06c1a6555fa625449e85cd5186522,683669
create,591eee63-34f9-45cf-8bbf-8e8095a2e5f3,proob,"Totam aut fugiat error rerum quidem. Quidem eum esse ea natus. Voluptatem et sit sit sed. Nihil assumenda nemo fuga et inventore architecto. Vel deserunt odit sed aut et veniam debitis. Quia iusto molestias dolor enim voluptatum consequatur labore. Sed doloribus aspernatur sint suscipit odit provident. Aliquam vitae et error id facere non cupiditate dignissimos. Modi voluptates accusamus numquam sed omnis. Quidem inventore rem fugit occaecati voluptatibus occaecati. Dolorem reprehenderit reiciendis sequi inventore.",759153
update,783b49fd-864a-47af-be26-3fd765fa979b,ardentBoa4,e3a2ecb1594017816493fb27a17f415ac5bf8ce19becd0db909986a61261dd4585fbdbdeea2b6dbaa61c3,311320
create,09df416f-b2ee-4fbb-9f10-2babb88cf94a,ferne.king,"Ipsa doloribus eos nisi animi in. Delectus eum totam velit id rerum facere illo. Autem et ipsam nemo. Non impedit voluptatibus est beatae. Maiores ratione nam facilis aliquid mollitia repellat impedit. Nobis officia minus harum enim repellat. Consequatur quam odit totam laborum autem beatae. Omnis et nulla voluptas voluptatibus dolor dicta molestias. Doloremque incidunt sed sint sit sint omnis dicta quia. Est voluptatem fugiat ex suscipit nihil dignissimos. Quaerat assumenda quo non fugiat explicabo. Et laudantium et dolore quidem. Totam eos dolor minima nihil sit. Repudiandae mollitia aliquid iure qui voluptas rerum quia. Consequuntur architecto numquam amet architecto possimus vel aperiam. Et dolorem nisi tenetur omnis tempora molestiae. Nisi necessitatibus totam quia voluptatem. Animi quis praesentium soluta earum. Tempore ducimus aut laboriosam ducimus qui iure. Velit cum id eum aut deleniti. Velit deserunt perspiciatis consequatur qui ex. Id maiores dolorem temporibus animi. Sed omnis est at quam nulla e",660148
create,85de7edb-d884-4284-9fb7-77dae155342d,miller.abbie,"Possimus labore sapiente culpa laboriosam atque vitae. Et quis totam corrupti quo. Perspiciatis perspiciatis tempora labore voluptatem. Vero adipisci eligendi enim. Vero id reiciendis quia expedita pariatur ex unde. Facere aspernatur omnis voluptatem aut. Consequatur nisi aut consectetur omnis ut. Dolorem sunt ipsa esse quam omnis repellendus. Mollitia et consectetur perspiciatis earum ut autem qui. Natus asperiores maiores laudantium libero. Recusandae culpa aliquid voluptatem. Tempore ea magni ex incidunt odio nihil cum ea. Placeat nemo molestiae officiis quos non. Voluptas itaque nemo rerum dolorem fugiat dolor magni. Libero eos repellendus aut commodi odio. Est ea quis id totam velit accusamus. Mollitia omnis ipsa libero perferendis ad ex similique a. Deserunt consequatur quam qui rerum enim eos adipisci repudiandae. Exercitationem exercitationem iste recusandae autem dolorum. Dolores nulla quas alias rerum. Maxime non quaerat et sint est quaerat libero distinctio. Aut et porro aut placeat repellendus qua",501344
create,1207f5ac-5912-45ea-a063-1272a2a34b7e,bernier.houston,"Dolor officia ipsam corrupti rerum in. Nulla consequatur nesciunt rem totam voluptatem. Laborum odit dolor ipsum quia magni. Eius aut nulla quia et repellendus repellat. Nisi quo ratione in eum. Omnis non ipsa id aut placeat nisi quia. Sunt ipsam aut architecto quas doloremque quod. Earum ut eos reiciendis sit similique. Sit natus labore quis aspernatur. Beatae exercitationem dolorem voluptas eum. Consequatur quia maxime eum hic id. Eos necessitatibus ut dolorem quo. Possimus quasi quis et necessitatibus. Consequatur laudantium culpa quae dolores ea. Non dolor dolorem inventore corporis. Saepe voluptas impedit provident est libero. Voluptatem illo nihil pariatur. Porro deleniti non voluptatem odio et consectetur modi. Fuga et et cupiditate consequuntur dolores qui. Vel ab voluptatem cumque et aliquid. Odio molestiae omnis id et. Labore minima quam vel eaque et sit. Quisquam sed quo quidem occaecati. Quasi quia reiciendis nam ducimus. Voluptatem praesentium non enim vero voluptas voluptatem. Voluptatem dolores",337399
create,de365f65-ff53-4eb0-8d2a-a724f269e428,wfeeney,"Omnis distinctio officiis recusandae ratione odit perspiciatis consectetur quia. Beatae rerum cum dolores quisquam aut.",538293
create,002fb002-64cc-41d2-92d3-d9331cee2796,wjaskolski,"Excepturi ut assumenda eius expedita voluptatibus nostrum corrupti. Facilis sunt occaecati beatae illo ipsam est nesciunt. Expedita soluta illo quaerat. Non eos possimus est saepe ipsam similique quo. Nostrum tenetur earum veritatis placeat. Incidunt illo eos laboriosam ex quis unde neque. Rem laudantium ipsam necessitatibus. Saepe accusantium aliquam aut in. Possimus est deleniti neque aspernatur nihil molestiae voluptates. Non est repudiandae perferendis quasi et. Aperiam voluptatem aut ad et eius. Earum laborum dolorem architecto autem. Qui ex ea voluptas a quis quisquam minus voluptatibus.",9130